"0","umd_fees <- read_csv(""https://raw.githubusercontent.com/dwillis/jour405/refs/heads/main/data/umd_fees.csv"") |> "
"0","   clean_names()"
"2","[1mRows: [22m[34m8[39m [1mColumns: [22m[34m5[39m"
"2","[36m──[39m [1mColumn specification[22m [36m─────────────────────────────────────────────────────────────────────────────────────[39m
[1mDelimiter:[22m "",""
[31mchr[39m (1): Category
[32mdbl[39m (4): Fall 2024, Fall 2023, Fall 2022, Fall 2021"
"2","
[36mℹ[39m Use `spec()` to retrieve the full column specification for this data.
[36mℹ[39m Specify the column types or set `show_col_types = FALSE` to quiet this message."
