"0","install.packages(""tidyverse"")"
"2","WARNING: Rtools is required to build R packages but is not currently installed. Please download and install the appropriate version of Rtools before proceeding:

https://cran.rstudio.com/bin/windows/Rtools/
"
"2","also installing the dependencies ‘xfun’, ‘tinytex’, ‘knitr’, ‘rmarkdown’, ‘xml2’, ‘broom’, ‘ggplot2’, ‘googlesheets4’, ‘reprex’, ‘rvest’

"
"1","
"
"1",""
"1","  There are binary versions available but the source versions are later"
"1",""
"1",":
"
